交易 #,类型,信号,日期/时间,价格 USDT,合约,获利 USDT,获利 %,累计获利 USDT,累计获利 %,最大交易获利 USDT,最大交易获利 %,交易亏损 USDT,交易亏损 %
319,多头出场,s,2024-12-31 03:00,195.60,0.522,2.10,2.10,36.58,1.56,2.10,2.10,0.34,0.34
319,多头进场,l,2024-12-31 01:00,191.57,0.522,2.10,2.10,36.58,1.56,2.10,2.10,0.34,0.34
318,多头出场,s,2024-12-31 01:00,190.41,0.528,0.71,0.71,34.48,0.53,0.71,0.71,1.68,1.68
318,多头进场,l,2024-12-30 21:00,189.07,0.528,0.71,0.71,34.48,0.53,0.71,0.71,1.68,1.68
317,多头出场,s,2024-12-30 20:00,194.47,0.515,0.29,0.29,33.77,0.22,1.02,1.02,2.74,2.75
317,多头进场,l,2024-12-29 22:00,193.90,0.515,0.29,0.29,33.77,0.22,1.02,1.02,2.74,2.75
316,多头出场,s,2024-12-28 21:00,187.66,0.527,-0.92,-0.92,33.48,-0.69,0.07,0.07,3.52,3.52
316,多头进场,l,2024-12-27 21:00,189.41,0.527,-0.92,-0.92,33.48,-0.69,0.07,0.07,3.52,3.52
315,多头出场,s,2024-12-27 16:00,189.32,0.506,-4.09,-4.09,34.40,-2.95,1.38,1.38,5.98,5.99
315,多头进场,l,2024-12-25 18:00,197.40,0.506,-4.09,-4.09,34.40,-2.95,1.38,1.38,5.98,5.99
314,多头出场,s,2024-12-25 10:00,199.71,0.514,2.72,2.72,38.49,2.00,3.05,3.05,0.55,0.55
314,多头进场,l,2024-12-24 22:00,194.42,0.514,2.72,2.72,38.49,2.00,3.05,3.05,0.55,0.55
313,多头出场,s,2024-12-23 11:00,181.98,0.56,2.06,2.06,35.77,1.54,2.06,2.06,0.95,0.95
313,多头进场,l,2024-12-23 09:00,178.31,0.56,2.06,2.06,35.77,1.54,2.06,2.06,0.95,0.95
312,多头出场,s,2024-12-23 09:00,181.37,0.549,-0.29,-0.29,33.72,-0.21,0.29,0.29,2.97,2.97
312,多头进场,l,2024-12-23 02:00,181.89,0.549,-0.29,-0.29,33.72,-0.21,0.29,0.29,2.97,2.97
311,多头出场,s,2024-12-23 00:00,183.29,0.558,2.32,2.32,34.00,1.76,2.32,2.32,0.03,0.03
311,多头进场,l,2024-12-22 22:00,179.14,0.558,2.32,2.32,34.00,1.76,2.32,2.32,0.03,0.03
310,多头出场,s,2024-12-22 17:00,186.20,0.512,-4.56,-4.56,31.68,-3.34,0.44,0.44,8.82,8.83
310,多头进场,l,2024-12-21 17:00,195.10,0.512,-4.56,-4.56,31.68,-3.34,0.44,0.44,8.82,8.83
309,多头出场,s,2024-12-21 09:00,195.32,0.479,-6.41,-6.42,36.24,-4.50,1.26,1.26,16.02,16.03
309,多头进场,l,2024-12-19 16:00,208.71,0.479,-6.41,-6.42,36.24,-4.50,1.26,1.26,16.02,16.03
308,多头出场,s,2024-12-19 15:00,211.09,0.457,-3.37,-3.37,42.66,-2.31,0.84,0.84,8.71,8.73
308,多头进场,l,2024-12-18 09:00,218.46,0.457,-3.37,-3.37,42.66,-2.31,0.84,0.84,8.71,8.73
307,多头出场,s,2024-12-17 18:00,222.80,0.443,-1.23,-1.23,46.02,-0.84,0.07,0.07,6.30,6.30
307,多头进场,l,2024-12-16 09:00,225.58,0.443,-1.23,-1.23,46.02,-0.84,0.07,0.07,6.30,6.30
306,多头出场,s,2024-12-16 07:00,224.38,0.439,-1.41,-1.41,47.26,-0.95,0.38,0.38,5.47,5.48
306,多头进场,l,2024-12-13 05:00,227.60,0.439,-1.41,-1.41,47.26,-0.95,0.38,0.38,5.47,5.48
305,多头出场,s,2024-12-13 01:00,233.32,0.432,0.87,0.87,48.67,0.59,0.92,0.93,0.31,0.31
305,多头进场,l,2024-12-12 23:00,231.30,0.432,0.87,0.87,48.67,0.59,0.92,0.93,0.31,0.31
304,多头出场,s,2024-12-12 13:00,231.00,0.436,0.88,0.88,47.80,0.60,1.30,1.31,1.44,1.45
304,多头进场,l,2024-12-12 04:00,228.98,0.436,0.88,0.88,47.80,0.60,1.30,1.31,1.44,1.45
303,多头出场,s,2024-12-11 10:00,214.95,0.418,-9.91,-9.94,46.92,-6.32,1.19,1.19,14.91,14.95
303,多头进场,l,2024-12-08 06:00,238.67,0.418,-9.91,-9.94,46.92,-6.32,1.19,1.19,14.91,14.95
302,多头出场,s,2024-12-07 19:00,238.94,0.424,1.42,1.42,56.83,0.91,2.18,2.18,1.98,1.98
302,多头进场,l,2024-12-06 17:00,235.59,0.424,1.42,1.42,56.83,0.91,2.18,2.18,1.98,1.98
301,多头出场,s,2024-12-06 00:00,240.81,0.429,3.49,3.50,55.41,2.30,5.19,5.20,4.17,4.18
301,多头进场,l,2024-12-04 20:00,232.67,0.429,3.49,3.50,55.41,2.30,5.19,5.20,4.17,4.18
300,多头出场,s,2024-12-04 03:00,227.73,0.458,4.35,4.35,51.92,2.95,4.35,4.35,1.48,1.48
300,多头进场,l,2024-12-03 21:00,218.24,0.458,4.35,4.35,51.92,2.95,4.35,4.35,1.48,1.48
299,多头出场,s,2024-12-03 10:00,227.60,0.415,-5.36,-5.37,47.57,-3.50,0.46,0.46,8.51,8.53
299,多头进场,l,2024-11-30 21:00,240.51,0.415,-5.36,-5.37,47.57,-3.50,0.46,0.46,8.51,8.53
298,多头出场,s,2024-11-30 13:00,243.77,0.41,0.11,0.11,52.93,0.07,0.74,0.74,1.84,1.84
298,多头进场,l,2024-11-29 23:00,243.50,0.41,0.11,0.11,52.93,0.07,0.74,0.74,1.84,1.84
297,多头出场,s,2024-11-29 10:00,240.39,0.416,0.10,0.10,52.82,0.07,0.28,0.28,3.06,3.06
297,多头进场,l,2024-11-28 12:00,240.15,0.416,0.10,0.10,52.82,0.07,0.28,0.28,3.06,3.06
296,多头出场,s,2024-11-28 07:00,242.50,0.418,1.57,1.57,52.72,1.04,1.78,1.78,0.43,0.44
296,多头进场,l,2024-11-28 00:00,238.75,0.418,1.57,1.57,52.72,1.04,1.78,1.78,0.43,0.44
295,多头出场,s,2024-11-27 15:00,233.64,0.434,1.58,1.59,51.15,1.06,1.58,1.59,1.08,1.08
295,多头进场,l,2024-11-27 12:00,229.99,0.434,1.58,1.59,51.15,1.06,1.58,1.59,1.08,1.08
294,多头出场,s,2024-11-27 04:00,230.70,0.396,-8.50,-8.51,49.57,-5.38,0.15,0.15,12.03,12.04
294,多头进场,l,2024-11-25 19:00,252.17,0.396,-8.50,-8.51,49.57,-5.38,0.15,0.15,12.03,12.04
293,多头出场,s,2024-11-25 16:00,254.84,0.389,-0.79,-0.79,58.07,-0.49,0.15,0.15,6.20,6.20
293,多头进场,l,2024-11-24 12:00,256.86,0.389,-0.79,-0.79,58.07,-0.49,0.15,0.15,6.20,6.20
292,多头出场,s,2024-11-24 09:00,259.61,0.39,1.35,1.35,58.85,0.86,1.35,1.35,1.35,1.35
292,多头进场,l,2024-11-24 02:00,256.14,0.39,1.35,1.35,58.85,0.86,1.35,1.35,1.35,1.35
291,多头出场,s,2024-11-23 12:00,259.75,0.392,1.88,1.88,57.50,1.21,1.88,1.88,1.37,1.37
291,多头进场,l,2024-11-22 21:00,254.96,0.392,1.88,1.88,57.50,1.21,1.88,1.88,1.37,1.37
290,多头出场,s,2024-11-21 21:00,244.40,0.416,1.83,1.84,55.62,1.19,2.56,2.56,4.32,4.33
290,多头进场,l,2024-11-19 21:00,239.99,0.416,1.83,1.84,55.62,1.19,2.56,2.56,4.32,4.33
289,多头出场,s,2024-11-19 16:00,244.01,0.41,0.28,0.28,53.79,0.18,0.53,0.53,3.72,3.73
289,多头进场,l,2024-11-18 23:00,243.33,0.41,0.28,0.28,53.79,0.18,0.53,0.53,3.72,3.73
288,多头出场,s,2024-11-17 08:00,218.54,0.46,0.60,0.60,53.51,0.39,0.60,0.60,1.78,1.79
288,多头进场,l,2024-11-16 22:00,217.23,0.46,0.60,0.60,53.51,0.39,0.60,0.60,1.78,1.79
287,多头出场,s,2024-11-16 07:00,218.91,0.477,4.46,4.46,52.91,3.00,4.81,4.81,2.43,2.43
287,多头进场,l,2024-11-15 07:00,209.57,0.477,4.46,4.46,52.91,3.00,4.81,4.81,2.43,2.43
286,多头出场,s,2024-11-15 00:00,213.61,0.459,-1.75,-1.75,48.45,-1.16,0.25,0.25,3.85,3.86
286,多头进场,l,2024-11-14 18:00,217.42,0.459,-1.75,-1.75,48.45,-1.16,0.25,0.25,3.85,3.86
285,多头出场,s,2024-11-14 06:00,211.71,0.461,-2.31,-2.31,50.20,-1.51,1.72,1.72,4.97,4.97
285,多头进场,l,2024-11-13 22:00,216.71,0.461,-2.31,-2.31,50.20,-1.51,1.72,1.72,4.97,4.97
284,多头出场,s,2024-11-13 21:00,212.81,0.458,-2.38,-2.38,52.51,-1.53,3.30,3.31,7.94,7.95
284,多头进场,l,2024-11-12 00:00,218.00,0.458,-2.38,-2.38,52.51,-1.53,3.30,3.31,7.94,7.95
283,多头出场,s,2024-11-11 18:00,215.24,0.475,2.26,2.26,54.88,1.48,2.26,2.26,3.01,3.01
283,多头进场,l,2024-11-11 09:00,210.49,0.475,2.26,2.26,54.88,1.48,2.26,2.26,3.01,3.01
282,多头出场,s,2024-11-11 06:00,211.49,0.493,4.44,4.44,52.63,2.99,4.44,4.44,1.36,1.36
282,多头进场,l,2024-11-11 04:00,202.49,0.493,4.44,4.44,52.63,2.99,4.44,4.44,1.36,1.36
281,多头出场,s,2024-11-10 23:00,212.23,0.484,2.75,2.75,48.19,1.89,3.27,3.27,0.47,0.47
281,多头进场,l,2024-11-10 22:00,206.54,0.484,2.75,2.75,48.19,1.89,3.27,3.27,0.47,0.47
280,多头出场,s,2024-11-10 22:00,209.39,0.487,2.11,2.11,45.44,1.47,2.11,2.11,0.77,0.78
280,多头进场,l,2024-11-10 15:00,205.06,0.487,2.11,2.11,45.44,1.47,2.11,2.11,0.77,0.78
279,多头出场,s,2024-11-10 13:00,208.60,0.496,3.56,3.56,43.33,2.55,3.56,3.56,0.25,0.25
279,多头进场,l,2024-11-10 11:00,201.42,0.496,3.56,3.56,43.33,2.55,3.56,3.56,0.25,0.25
278,多头出场,s,2024-11-10 10:00,202.40,0.501,1.41,1.41,39.77,1.02,1.41,1.41,2.37,2.37
278,多头进场,l,2024-11-09 21:00,199.59,0.501,1.41,1.41,39.77,1.02,1.41,1.41,2.37,2.37
277,多头出场,s,2024-11-09 16:00,202.27,0.507,2.64,2.64,38.36,1.94,2.71,2.71,0.44,0.44
277,多头进场,l,2024-11-09 00:00,197.07,0.507,2.64,2.64,38.36,1.94,2.71,2.71,0.44,0.44
276,多头出场,s,2024-11-07 23:00,189.14,0.533,0.85,0.85,35.72,0.63,0.85,0.85,0.84,0.84
276,多头进场,l,2024-11-07 18:00,187.54,0.533,0.85,0.85,35.72,0.63,0.85,0.85,0.84,0.84
275,多头出场,s,2024-11-07 09:00,190.79,0.53,1.29,1.29,34.87,0.96,1.29,1.29,1.34,1.34
275,多头进场,l,2024-11-07 03:00,188.36,0.53,1.29,1.29,34.87,0.96,1.29,1.29,1.34,1.34
274,多头出场,s,2024-11-05 20:00,162.90,0.628,2.31,2.31,33.58,1.76,2.42,2.42,2.58,2.58
274,多头进场,l,2024-11-05 02:00,159.22,0.628,2.31,2.31,33.58,1.76,2.42,2.42,2.58,2.58
273,多头出场,s,2024-11-04 18:00,163.19,0.621,1.36,1.36,31.27,1.05,2.51,2.51,1.97,1.98
273,多头进场,l,2024-11-03 21:00,161.00,0.621,1.36,1.36,31.27,1.05,2.51,2.51,1.97,1.98
272,多头出场,s,2024-11-03 18:00,163.93,0.609,-0.10,-0.10,29.91,-0.07,2.75,2.75,1.98,1.98
272,多头进场,l,2024-11-01 23:00,164.09,0.609,-0.10,-0.10,29.91,-0.07,2.75,2.75,1.98,1.98
271,多头出场,s,2024-11-01 21:00,170.81,0.552,-5.54,-5.55,30.01,-4.09,1.40,1.40,8.72,8.74
271,多头进场,l,2024-10-29 10:00,180.85,0.552,-5.54,-5.55,30.01,-4.09,1.40,1.40,8.72,8.74
270,多头出场,s,2024-10-29 10:00,181.55,0.566,2.78,2.79,35.55,2.10,2.78,2.79,2.37,2.37
270,多头进场,l,2024-10-28 07:00,176.63,0.566,2.78,2.79,35.55,2.10,2.78,2.79,2.37,2.37
269,多头出场,s,2024-10-26 23:00,169.16,0.569,-3.73,-3.73,32.77,-2.73,1.07,1.07,9.45,9.45
269,多头进场,l,2024-10-25 09:00,175.72,0.569,-3.73,-3.73,32.77,-2.73,1.07,1.07,9.45,9.45
268,多头出场,s,2024-10-23 18:00,166.84,0.596,-0.44,-0.44,36.50,-0.32,1.01,1.01,2.05,2.05
268,多头进场,l,2024-10-23 05:00,167.57,0.596,-0.44,-0.44,36.50,-0.32,1.01,1.01,2.05,2.05
267,多头出场,s,2024-10-22 19:00,167.63,0.606,1.59,1.59,36.93,1.17,1.59,1.59,0.52,0.52
267,多头进场,l,2024-10-22 17:00,165.01,0.606,1.59,1.59,36.93,1.17,1.59,1.59,0.52,0.52
266,多头出场,s,2024-10-22 03:00,167.76,0.615,3.19,3.19,35.35,2.41,3.19,3.19,0.09,0.09
266,多头进场,l,2024-10-21 21:00,162.58,0.615,3.19,3.19,35.35,2.41,3.19,3.19,0.09,0.09
265,多头出场,s,2024-10-21 04:00,161.18,0.632,1.93,1.94,32.16,1.49,2.14,2.14,0.03,0.03
265,多头进场,l,2024-10-20 21:00,158.12,0.632,1.93,1.94,32.16,1.49,2.14,2.14,0.03,0.03
264,多头出场,s,2024-10-19 22:00,155.63,0.647,0.82,0.82,30.23,0.63,1.09,1.09,0.60,0.60
264,多头进场,l,2024-10-19 05:00,154.37,0.647,0.82,0.82,30.23,0.63,1.09,1.09,0.60,0.60
263,多头出场,s,2024-10-18 16:00,154.27,0.644,-0.59,-0.59,29.41,-0.46,0.50,0.50,4.85,4.85
263,多头进场,l,2024-10-16 22:00,155.19,0.644,-0.59,-0.59,29.41,-0.46,0.50,0.50,4.85,4.85
262,多头出场,s,2024-10-16 22:00,156.56,0.641,0.44,0.44,30.00,0.34,0.44,0.44,1.40,1.40
262,多头进场,l,2024-10-16 19:00,155.88,0.641,0.44,0.44,30.00,0.34,0.44,0.44,1.40,1.40
261,多头出场,s,2024-10-16 19:00,157.64,0.63,-0.57,-0.57,29.57,-0.44,0.74,0.74,5.20,5.20
261,多头进场,l,2024-10-15 21:00,158.55,0.63,-0.57,-0.57,29.57,-0.44,0.74,0.74,5.20,5.20
260,多头出场,s,2024-10-15 21:00,158.04,0.647,2.37,2.37,30.14,1.85,2.37,2.37,1.67,1.67
260,多头进场,l,2024-10-15 13:00,154.38,0.647,2.37,2.37,30.14,1.85,2.37,2.37,1.67,1.67
259,多头出场,s,2024-10-15 06:00,157.19,0.645,1.41,1.41,27.77,1.11,1.99,1.99,0.29,0.29
259,多头进场,l,2024-10-14 22:00,155.01,0.645,1.41,1.41,27.77,1.11,1.99,1.99,0.29,0.29
258,多头出场,s,2024-10-14 05:00,147.91,0.685,1.32,1.32,26.37,1.06,1.32,1.32,0.88,0.88
258,多头进场,l,2024-10-14 00:00,145.98,0.685,1.32,1.32,26.37,1.06,1.32,1.32,0.88,0.88
257,多头出场,s,2024-10-13 17:00,147.46,0.685,1.08,1.08,25.04,0.87,1.08,1.08,0.80,0.80
257,多头进场,l,2024-10-12 01:00,145.88,0.685,1.08,1.08,25.04,0.87,1.08,1.08,0.80,0.80
256,多头出场,s,2024-10-12 01:00,146.01,0.692,1.11,1.11,23.96,0.90,1.11,1.11,0.34,0.34
256,多头进场,l,2024-10-11 23:00,144.41,0.692,1.11,1.11,23.96,0.90,1.11,1.11,0.34,0.34
255,多头出场,s,2024-10-11 03:00,137.57,0.697,-4.01,-4.02,22.85,-3.16,0.68,0.68,5.44,5.45
255,多头进场,l,2024-10-09 12:00,143.33,0.697,-4.01,-4.02,22.85,-3.16,0.68,0.68,5.44,5.45
254,多头出场,s,2024-10-09 09:00,144.57,0.672,-2.78,-2.78,26.87,-2.15,0.48,0.48,5.07,5.07
254,多头进场,l,2024-10-07 23:00,148.71,0.672,-2.78,-2.78,26.87,-2.15,0.48,0.48,5.07,5.07
253,多头出场,s,2024-10-07 22:00,149.75,0.675,1.17,1.17,29.65,0.91,1.17,1.17,1.60,1.60
253,多头进场,l,2024-10-07 15:00,148.02,0.675,1.17,1.17,29.65,0.91,1.17,1.17,1.60,1.60
252,多头出场,s,2024-10-06 17:00,144.10,0.697,0.45,0.45,28.48,0.35,0.49,0.49,1.67,1.67
252,多头进场,l,2024-10-05 19:00,143.45,0.697,0.45,0.45,28.48,0.35,0.49,0.49,1.67,1.67
251,多头出场,s,2024-10-05 14:00,144.40,0.705,1.81,1.81,28.03,1.44,1.81,1.81,0.19,0.19
251,多头进场,l,2024-10-05 11:00,141.83,0.705,1.81,1.81,28.03,1.44,1.81,1.81,0.19,0.19
250,多头出场,s,2024-10-04 09:00,138.62,0.678,-5.99,-5.99,26.22,-4.53,0.64,0.64,9.73,9.73
250,多头进场,l,2024-10-02 23:00,147.46,0.678,-5.99,-5.99,26.22,-4.53,0.64,0.64,9.73,9.73
249,多头出场,s,2024-10-02 23:00,147.09,0.663,-2.46,-2.46,32.21,-1.83,0.17,0.17,5.64,5.64
249,多头进场,l,2024-10-01 22:00,150.80,0.663,-2.46,-2.46,32.21,-1.83,0.17,0.17,5.64,5.64
248,多头出场,s,2024-10-01 14:00,156.95,0.647,1.65,1.65,34.67,1.24,1.65,1.65,1.89,1.89
248,多头进场,l,2024-10-01 06:00,154.40,0.647,1.65,1.65,34.67,1.24,1.65,1.65,1.89,1.89
247,多头出场,s,2024-10-01 04:00,156.10,0.648,1.26,1.26,33.02,0.95,1.26,1.26,0.13,0.13
247,多头进场,l,2024-09-30 23:00,154.16,0.648,1.26,1.26,33.02,0.95,1.26,1.26,0.13,0.13
246,多头出场,s,2024-09-30 03:00,158.64,0.633,0.48,0.48,31.77,0.37,0.98,0.98,1.82,1.82
246,多头进场,l,2024-09-28 01:00,157.88,0.633,0.48,0.48,31.77,0.37,0.98,0.98,1.82,1.82
245,多头出场,s,2024-09-27 22:00,158.85,0.641,1.85,1.85,31.28,1.43,1.85,1.85,0.49,0.49
245,多头进场,l,2024-09-27 18:00,155.97,0.641,1.85,1.85,31.28,1.43,1.85,1.85,0.49,0.49
244,多头出场,s,2024-09-27 13:00,157.36,0.645,1.59,1.59,29.44,1.24,1.59,1.59,0.65,0.65
244,多头进场,l,2024-09-27 09:00,154.90,0.645,1.59,1.59,29.44,1.24,1.59,1.59,0.65,0.65
243,多头出场,s,2024-09-26 23:00,153.66,0.657,1.03,1.03,27.85,0.81,2.44,2.44,0.03,0.03
243,多头进场,l,2024-09-26 21:00,152.09,0.657,1.03,1.03,27.85,0.81,2.44,2.44,0.03,0.03
242,多头出场,s,2024-09-26 18:00,152.24,0.668,1.79,1.79,26.82,1.43,1.79,1.79,2.00,2.00
242,多头进场,l,2024-09-26 05:00,149.56,0.668,1.79,1.79,26.82,1.43,1.79,1.79,2.00,2.00
241,多头出场,s,2024-09-25 06:00,149.61,0.679,1.70,1.71,25.03,1.38,1.70,1.71,0.27,0.27
241,多头进场,l,2024-09-25 02:00,147.10,0.679,1.70,1.71,25.03,1.38,1.70,1.71,0.27,0.27
240,多头出场,s,2024-09-25 01:00,147.39,0.687,1.28,1.29,23.33,1.05,1.28,1.29,0.12,0.12
240,多头进场,l,2024-09-24 23:00,145.52,0.687,1.28,1.29,23.33,1.05,1.28,1.29,0.12,0.12
239,多头出场,s,2024-09-24 09:00,144.51,0.679,-1.85,-1.85,22.04,-1.49,1.25,1.25,4.15,4.15
239,多头进场,l,2024-09-22 13:00,147.23,0.679,-1.85,-1.85,22.04,-1.49,1.25,1.25,4.15,4.15
238,多头出场,s,2024-09-21 21:00,148.46,0.685,1.79,1.79,23.89,1.46,1.79,1.79,0.85,0.85
238,多头进场,l,2024-09-21 01:00,145.85,0.685,1.79,1.79,23.89,1.46,1.79,1.79,0.85,0.85
237,多头出场,s,2024-09-19 06:00,131.68,0.761,0.27,0.27,22.10,0.22,0.30,0.30,2.18,2.18
237,多头进场,l,2024-09-19 02:00,131.33,0.761,0.27,0.27,22.10,0.22,0.30,0.30,2.18,2.18
236,多头出场,s,2024-09-19 02:00,131.44,0.749,-1.55,-1.55,21.83,-1.26,1.53,1.53,4.82,4.82
236,多头进场,l,2024-09-17 22:00,133.51,0.749,-1.55,-1.55,21.83,-1.26,1.53,1.53,4.82,4.82
235,多头出场,s,2024-09-17 22:00,134.37,0.757,1.79,1.79,23.38,1.47,1.79,1.79,0.83,0.83
235,多头进场,l,2024-09-17 14:00,132.01,0.757,1.79,1.79,23.38,1.47,1.79,1.79,0.83,0.83
234,多头出场,s,2024-09-17 13:00,132.75,0.764,1.49,1.49,21.60,1.24,1.49,1.49,0.06,0.06
234,多头进场,l,2024-09-17 10:00,130.80,0.764,1.49,1.49,21.60,1.24,1.49,1.49,0.06,0.06
233,多头出场,s,2024-09-16 18:00,132.11,0.72,-4.82,-4.83,20.11,-3.86,0.71,0.71,6.88,6.89
233,多头进场,l,2024-09-14 05:00,138.81,0.72,-4.82,-4.83,20.11,-3.86,0.71,0.71,6.88,6.89
232,多头出场,s,2024-09-14 05:00,139.34,0.741,3.33,3.34,24.93,2.74,3.33,3.34,2.33,2.33
232,多头进场,l,2024-09-13 09:00,134.84,0.741,3.33,3.34,24.93,2.74,3.33,3.34,2.33,2.33
231,多头出场,s,2024-09-13 06:00,136.05,0.742,0.98,0.98,21.60,0.81,1.25,1.25,0.22,0.22
231,多头进场,l,2024-09-13 00:00,134.73,0.742,0.98,0.98,21.60,0.81,1.25,1.25,0.22,0.22
230,多头出场,s,2024-09-12 09:00,134.86,0.731,-1.31,-1.31,20.62,-1.07,0.10,0.10,6.18,6.18
230,多头进场,l,2024-09-11 03:00,136.65,0.731,-1.31,-1.31,20.62,-1.07,0.10,0.10,6.18,6.18
229,多头出场,s,2024-09-10 22:00,135.05,0.743,0.45,0.45,21.93,0.37,0.45,0.45,0.80,0.80
229,多头进场,l,2024-09-10 20:00,134.45,0.743,0.45,0.45,21.93,0.37,0.45,0.45,0.80,0.80
228,多头出场,s,2024-09-10 13:00,134.20,0.749,0.61,0.61,21.48,0.51,0.61,0.61,0.66,0.66
228,多头进场,l,2024-09-10 09:00,133.38,0.749,0.61,0.61,21.48,0.51,0.61,0.61,0.66,0.66
227,多头出场,s,2024-09-10 00:00,131.59,0.768,1.13,1.13,20.87,0.94,1.13,1.13,2.43,2.43
227,多头进场,l,2024-09-09 08:00,130.12,0.768,1.13,1.13,20.87,0.94,1.13,1.13,2.43,2.43
226,多头出场,s,2024-09-09 06:00,130.36,0.776,1.20,1.20,19.74,1.01,1.20,1.20,0.36,0.36
226,多头进场,l,2024-09-09 02:00,128.81,0.776,1.20,1.20,19.74,1.01,1.20,1.20,0.36,0.36
225,多头出场,s,2024-09-09 00:00,128.28,0.783,0.49,0.49,18.53,0.41,0.49,0.49,0.82,0.82
225,多头进场,l,2024-09-08 22:00,127.66,0.783,0.49,0.49,18.53,0.41,0.49,0.49,0.82,0.82
224,多头出场,s,2024-09-07 23:00,128.61,0.786,1.19,1.20,18.05,1.02,1.19,1.20,0.10,0.10
224,多头进场,l,2024-09-07 21:00,127.09,0.786,1.19,1.20,18.05,1.02,1.19,1.20,0.10,0.10
223,多头出场,s,2024-09-07 15:00,128.03,0.824,5.58,5.58,16.85,5.01,5.58,5.58,1.04,1.04
223,多头进场,l,2024-09-07 04:00,121.26,0.824,5.58,5.58,16.85,5.01,5.58,5.58,1.04,1.04
222,多头出场,s,2024-09-06 18:00,130.27,0.768,0.16,0.16,11.28,0.15,1.15,1.15,2.04,2.04
222,多头进场,l,2024-09-06 00:00,130.06,0.768,0.16,0.16,11.28,0.15,1.15,1.15,2.04,2.04
221,多头出场,s,2024-09-04 14:00,128.18,0.747,-4.12,-4.12,11.11,-3.57,1.35,1.35,8.28,8.30
221,多头进场,l,2024-09-03 14:00,133.69,0.747,-4.12,-4.12,11.11,-3.57,1.35,1.35,8.28,8.30
220,多头出场,s,2024-09-02 22:00,133.30,0.774,3.24,3.25,15.23,2.90,3.24,3.25,1.79,1.79
220,多头进场,l,2024-09-02 06:00,129.11,0.774,3.24,3.25,15.23,2.90,3.24,3.25,1.79,1.79
219,多头出场,s,2024-09-01 23:00,133.41,0.686,-8.38,-8.39,11.99,-6.96,1.19,1.19,10.72,10.73
219,多头进场,l,2024-08-29 19:00,145.63,0.686,-8.38,-8.39,11.99,-6.96,1.19,1.19,10.72,10.73
218,多头出场,s,2024-08-29 19:00,146.50,0.694,1.76,1.76,20.37,1.48,3.17,3.17,2.39,2.39
218,多头进场,l,2024-08-28 15:00,143.97,0.694,1.76,1.76,20.37,1.48,3.17,3.17,2.39,2.39
217,多头出场,s,2024-08-28 13:00,148.75,0.637,-5.22,-5.22,18.61,-4.21,0.50,0.50,7.59,7.59
217,多头进场,l,2024-08-27 16:00,156.94,0.637,-5.22,-5.22,18.61,-4.21,0.50,0.50,7.59,7.59
216,多头出场,s,2024-08-27 09:00,158.35,0.635,0.64,0.64,23.83,0.52,1.30,1.30,1.16,1.16
216,多头进场,l,2024-08-26 22:00,157.35,0.635,0.64,0.64,23.83,0.52,1.30,1.30,1.16,1.16
215,多头出场,s,2024-08-26 12:00,160.45,0.632,1.48,1.48,23.20,1.22,1.48,1.48,0.46,0.46
215,多头进场,l,2024-08-26 09:00,158.11,0.632,1.48,1.48,23.20,1.22,1.48,1.48,0.46,0.46
214,多头出场,s,2024-08-26 00:00,160.19,0.632,1.26,1.26,21.72,1.04,1.26,1.26,1.86,1.86
214,多头进场,l,2024-08-25 09:00,158.20,0.632,1.26,1.26,21.72,1.04,1.26,1.26,1.86,1.86
213,多头出场,s,2024-08-24 07:00,153.09,0.657,0.59,0.59,20.46,0.49,1.24,1.24,0.66,0.66
213,多头进场,l,2024-08-24 05:00,152.19,0.657,0.59,0.59,20.46,0.49,1.24,1.24,0.66,0.66
212,多头出场,s,2024-08-24 05:00,152.12,0.674,2.65,2.65,19.87,2.26,2.65,2.65,0.42,0.42
212,多头进场,l,2024-08-24 01:00,148.19,0.674,2.65,2.65,19.87,2.26,2.65,2.65,0.42,0.42
211,多头出场,s,2024-08-24 01:00,147.78,0.696,2.96,2.96,17.22,2.59,2.96,2.96,0.16,0.16
211,多头进场,l,2024-08-23 22:00,143.53,0.696,2.96,2.96,17.22,2.59,2.96,2.96,0.16,0.16
210,多头出场,s,2024-08-23 22:00,146.47,0.688,0.92,0.92,14.26,0.81,0.92,0.92,1.69,1.69
210,多头进场,l,2024-08-23 16:00,145.14,0.688,0.92,0.92,14.26,0.81,0.92,0.92,1.69,1.69
209,多头出场,s,2024-08-22 23:00,143.35,0.702,0.76,0.76,13.35,0.67,1.83,1.83,2.51,2.51
209,多头进场,l,2024-08-21 07:00,142.27,0.702,0.76,0.76,13.35,0.67,1.83,1.83,2.51,2.51
208,多头出场,s,2024-08-21 01:00,143.29,0.682,-2.24,-2.24,12.59,-1.95,1.54,1.54,3.80,3.80
208,多头进场,l,2024-08-20 08:00,146.57,0.682,-2.24,-2.24,12.59,-1.95,1.54,1.54,3.80,3.80
207,多头出场,s,2024-08-20 08:00,146.38,0.696,1.89,1.89,14.83,1.68,1.89,1.89,0.74,0.74
207,多头进场,l,2024-08-20 01:00,143.66,0.696,1.89,1.89,14.83,1.68,1.89,1.89,0.74,0.74
206,多头出场,s,2024-08-19 21:00,143.82,0.702,1.07,1.07,12.93,0.95,1.07,1.07,1.38,1.38
206,多头进场,l,2024-08-19 15:00,142.30,0.702,1.07,1.07,12.93,0.95,1.07,1.07,1.38,1.38
205,多头出场,s,2024-08-18 06:00,141.37,0.696,-1.48,-1.48,11.87,-1.30,0.33,0.33,5.14,5.15
205,多头进场,l,2024-08-16 18:00,143.49,0.696,-1.48,-1.48,11.87,-1.30,0.33,0.33,5.14,5.15
204,多头出场,s,2024-08-16 14:00,144.35,0.701,1.30,1.30,13.34,1.16,1.30,1.30,0.19,0.19
204,多头进场,l,2024-08-16 12:00,142.50,0.701,1.30,1.30,13.34,1.16,1.30,1.30,0.19,0.19
203,多头出场,s,2024-08-16 05:00,141.32,0.7,-1.04,-1.04,12.04,-0.92,3.38,3.38,3.52,3.52
203,多头进场,l,2024-08-15 20:00,142.81,0.7,-1.04,-1.04,12.04,-0.92,3.38,3.38,3.52,3.52
202,多头出场,s,2024-08-15 20:00,145.46,0.699,1.75,1.75,13.09,1.57,1.75,1.75,1.34,1.34
202,多头进场,l,2024-08-15 13:00,142.96,0.699,1.75,1.75,13.09,1.57,1.75,1.75,1.34,1.34
201,多头出场,s,2024-08-14 20:00,149.55,0.669,0.13,0.13,11.34,0.12,0.31,0.31,3.86,3.86
201,多头进场,l,2024-08-14 00:00,149.35,0.669,0.13,0.13,11.34,0.12,0.31,0.31,3.86,3.86
200,多头出场,s,2024-08-14 00:00,147.58,0.682,0.76,0.76,11.21,0.69,0.76,0.76,0.83,0.83
200,多头进场,l,2024-08-13 22:00,146.46,0.682,0.76,0.76,11.21,0.69,0.76,0.76,0.83,0.83
199,多头出场,s,2024-08-13 19:00,145.30,0.681,-0.95,-0.95,10.44,-0.85,0.25,0.25,2.57,2.57
199,多头进场,l,2024-08-13 08:00,146.69,0.681,-0.95,-0.95,10.44,-0.85,0.25,0.25,2.57,2.57
198,多头出场,s,2024-08-13 07:00,147.17,0.677,-0.28,-0.28,11.39,-0.25,0.46,0.46,3.89,3.89
198,多头进场,l,2024-08-12 23:00,147.58,0.677,-0.28,-0.28,11.39,-0.25,0.46,0.46,3.89,3.89
197,多头出场,s,2024-08-12 16:00,147.50,0.65,-4.00,-4.01,11.67,-3.46,0.09,0.09,8.10,8.11
197,多头进场,l,2024-08-11 19:00,153.66,0.65,-4.00,-4.01,11.67,-3.46,0.09,0.09,8.10,8.11
196,多头出场,s,2024-08-11 11:00,156.40,0.645,0.98,0.98,15.67,0.85,1.03,1.03,1.51,1.51
196,多头进场,l,2024-08-10 08:00,154.88,0.645,0.98,0.98,15.67,0.85,1.03,1.03,1.51,1.51
195,多头出场,s,2024-08-10 08:00,158.31,0.628,-0.43,-0.43,14.69,-0.38,2.95,2.96,5.20,5.21
195,多头进场,l,2024-08-09 00:00,159.00,0.628,-0.43,-0.43,14.69,-0.38,2.95,2.96,5.20,5.21
194,多头出场,s,2024-08-08 09:00,148.74,0.679,1.14,1.14,15.12,1.00,1.62,1.63,3.84,3.85
194,多头进场,l,2024-08-07 22:00,147.06,0.679,1.14,1.14,15.12,1.00,1.62,1.63,3.84,3.85
193,多头出场,s,2024-08-05 21:00,120.57,0.792,-4.41,-4.42,13.98,-3.73,3.16,3.16,12.78,12.80
193,多头进场,l,2024-08-05 11:00,126.14,0.792,-4.41,-4.42,13.98,-3.73,3.16,3.16,12.78,12.80
192,多头出场,s,2024-08-05 10:00,131.14,0.76,-0.21,-0.21,18.39,-0.17,1.67,1.67,7.20,7.21
192,多头进场,l,2024-08-05 08:00,131.41,0.76,-0.21,-0.21,18.39,-0.17,1.67,1.67,7.20,7.21
191,多头出场,s,2024-08-05 03:00,142.41,0.634,-9.64,-9.64,18.60,-7.51,0.40,0.40,16.73,16.74
191,多头进场,l,2024-08-02 22:00,157.61,0.634,-9.64,-9.64,18.60,-7.51,0.40,0.40,16.73,16.74
190,多头出场,s,2024-08-02 21:00,167.51,0.553,-7.22,-7.23,28.24,-5.33,1.17,1.17,12.53,12.54
190,多头进场,l,2024-07-31 22:00,180.56,0.553,-7.22,-7.23,28.24,-5.33,1.17,1.17,12.53,12.54
189,多头出场,s,2024-07-31 11:00,181.46,0.556,0.91,0.91,35.45,0.67,1.05,1.05,2.47,2.47
189,多头进场,l,2024-07-31 00:00,179.83,0.556,0.91,0.91,35.45,0.67,1.05,1.05,2.47,2.47
188,多头出场,s,2024-07-30 23:00,181.63,0.538,-2.20,-2.20,34.55,-1.61,0.63,0.64,3.77,3.77
188,多头进场,l,2024-07-30 02:00,185.71,0.538,-2.20,-2.20,34.55,-1.61,0.63,0.64,3.77,3.77
187,多头出场,s,2024-07-30 01:00,186.16,0.534,-0.42,-0.42,36.74,-0.31,0.29,0.29,1.52,1.52
187,多头进场,l,2024-07-29 23:00,186.95,0.534,-0.42,-0.42,36.74,-0.31,0.29,0.29,1.52,1.52
186,多头出场,s,2024-07-29 08:00,187.38,0.544,2.04,2.04,37.16,1.51,2.04,2.04,0.55,0.56
186,多头进场,l,2024-07-29 00:00,183.63,0.544,2.04,2.04,37.16,1.51,2.04,2.04,0.55,0.56
185,多头出场,s,2024-07-28 05:00,186.28,0.539,0.57,0.57,35.12,0.42,0.57,0.57,3.84,3.84
185,多头进场,l,2024-07-27 22:00,185.23,0.539,0.57,0.57,35.12,0.42,0.57,0.57,3.84,3.84
184,多头出场,s,2024-07-26 14:00,177.44,0.585,3.86,3.86,34.56,2.95,4.03,4.03,3.17,3.17
184,多头进场,l,2024-07-25 10:00,170.84,0.585,3.86,3.86,34.56,2.95,4.03,4.03,3.17,3.17
183,多头出场,s,2024-07-24 16:00,175.46,0.582,2.26,2.27,30.70,1.76,2.26,2.27,0.94,0.94
183,多头进场,l,2024-07-24 00:00,171.57,0.582,2.26,2.27,30.70,1.76,2.26,2.27,0.94,0.94
182,多头出场,s,2024-07-23 22:00,176.81,0.555,-1.85,-1.85,28.43,-1.42,0.22,0.22,4.42,4.42
182,多头进场,l,2024-07-23 05:00,180.15,0.555,-1.85,-1.85,28.43,-1.42,0.22,0.22,4.42,4.42
181,多头出场,s,2024-07-23 02:00,182.58,0.564,3.02,3.02,30.29,2.37,3.02,3.02,0.28,0.28
181,多头进场,l,2024-07-22 16:00,177.23,0.564,3.02,3.02,30.29,2.37,3.02,3.02,0.28,0.28
180,多头出场,s,2024-07-21 22:00,173.89,0.583,1.42,1.42,27.27,1.13,1.42,1.42,0.10,0.10
180,多头进场,l,2024-07-21 16:00,171.45,0.583,1.42,1.42,27.27,1.13,1.42,1.42,0.10,0.10
179,多头出场,s,2024-07-21 01:00,171.39,0.59,1.26,1.26,25.85,1.01,1.26,1.26,1.17,1.17
179,多头进场,l,2024-07-20 14:00,169.25,0.59,1.26,1.26,25.85,1.01,1.26,1.26,1.17,1.17
178,多头出场,s,2024-07-20 09:00,170.73,0.591,0.95,0.95,24.58,0.76,0.95,0.95,0.79,0.79
178,多头进场,l,2024-07-20 04:00,169.13,0.591,0.95,0.95,24.58,0.76,0.95,0.95,0.79,0.79
177,多头出场,s,2024-07-19 06:00,158.83,0.64,1.80,1.80,23.64,1.48,1.80,1.80,0.46,0.46
177,多头进场,l,2024-07-19 01:00,156.02,0.64,1.80,1.80,23.64,1.48,1.80,1.80,0.46,0.46
176,多头出场,s,2024-07-18 19:00,159.44,0.623,-0.54,-0.54,21.84,-0.44,0.20,0.20,3.51,3.51
176,多头进场,l,2024-07-17 22:00,160.31,0.623,-0.54,-0.54,21.84,-0.44,0.20,0.20,3.51,3.51
175,多头出场,s,2024-07-17 16:00,162.74,0.62,0.91,0.91,22.38,0.75,1.56,1.56,1.09,1.09
175,多头进场,l,2024-07-17 08:00,161.28,0.62,0.91,0.91,22.38,0.75,1.56,1.56,1.09,1.09
174,多头出场,s,2024-07-16 23:00,158.05,0.641,1.42,1.42,21.48,1.18,1.42,1.42,0.88,0.88
174,多头进场,l,2024-07-16 20:00,155.84,0.641,1.42,1.42,21.48,1.18,1.42,1.42,0.88,0.88
173,多头出场,s,2024-07-16 14:00,156.95,0.638,0.26,0.26,20.06,0.21,1.44,1.44,1.19,1.19
173,多头进场,l,2024-07-16 10:00,156.55,0.638,0.26,0.26,20.06,0.21,1.44,1.44,1.19,1.19
172,多头出场,s,2024-07-16 02:00,154.91,0.649,0.69,0.69,19.80,0.58,0.69,0.69,0.29,0.29
172,多头进场,l,2024-07-16 00:00,153.85,0.649,0.69,0.69,19.80,0.58,0.69,0.69,0.29,0.29
171,多头出场,s,2024-07-16 00:00,154.68,0.651,0.83,0.83,19.12,0.70,0.83,0.83,0.74,0.74
171,多头进场,l,2024-07-15 22:00,153.41,0.651,0.83,0.83,19.12,0.70,0.83,0.83,0.74,0.74
170,多头出场,s,2024-07-15 21:00,153.58,0.66,1.48,1.48,18.29,1.27,1.48,1.48,0.27,0.27
170,多头进场,l,2024-07-15 18:00,151.34,0.66,1.48,1.48,18.29,1.27,1.48,1.48,0.27,0.27
169,多头出场,s,2024-07-15 15:00,154.05,0.66,1.76,1.76,16.81,1.53,1.76,1.76,0.44,0.44
169,多头进场,l,2024-07-15 11:00,151.39,0.66,1.76,1.76,16.81,1.53,1.76,1.76,0.44,0.44
168,多头出场,s,2024-07-15 08:00,148.57,0.675,0.32,0.32,15.06,0.28,0.32,0.32,1.01,1.01
168,多头进场,l,2024-07-15 05:00,148.10,0.675,0.32,0.32,15.06,0.28,0.32,0.32,1.01,1.01
167,多头出场,s,2024-07-15 05:00,146.84,0.689,1.22,1.22,14.74,1.07,1.22,1.22,0.33,0.33
167,多头进场,l,2024-07-15 02:00,145.07,0.689,1.22,1.22,14.74,1.07,1.22,1.22,0.33,0.33
166,多头出场,s,2024-07-14 06:00,141.64,0.715,1.29,1.29,13.52,1.15,1.29,1.29,0.53,0.53
166,多头进场,l,2024-07-13 18:00,139.84,0.715,1.29,1.29,13.52,1.15,1.29,1.29,0.53,0.53
165,多头出场,s,2024-07-13 17:00,140.26,0.723,1.52,1.52,12.23,1.37,1.52,1.52,0.16,0.16
165,多头进场,l,2024-07-13 12:00,138.16,0.723,1.52,1.52,12.23,1.37,1.52,1.52,0.16,0.16
164,多头出场,s,2024-07-13 02:00,139.94,0.722,1.12,1.12,10.71,1.02,1.12,1.12,0.35,0.35
164,多头进场,l,2024-07-13 00:00,138.39,0.722,1.12,1.12,10.71,1.02,1.12,1.12,0.35,0.35
163,多头出场,s,2024-07-12 21:00,138.07,0.695,-3.93,-3.93,9.59,-3.46,0.08,0.08,6.81,6.82
163,多头进场,l,2024-07-11 20:00,143.72,0.695,-3.93,-3.93,9.59,-3.46,0.08,0.08,6.81,6.82
162,多头出场,s,2024-07-11 20:00,145.31,0.705,2.52,2.52,13.52,2.27,2.52,2.52,1.88,1.88
162,多头进场,l,2024-07-11 10:00,141.74,0.705,2.52,2.52,13.52,2.27,2.52,2.52,1.88,1.88
161,多头出场,s,2024-07-11 00:00,142.40,0.688,-1.94,-1.94,11.00,-1.72,0.67,0.67,3.61,3.62
161,多头进场,l,2024-07-10 12:00,145.22,0.688,-1.94,-1.94,11.00,-1.72,0.67,0.67,3.61,3.62
160,多头出场,s,2024-07-10 12:00,144.44,0.703,1.63,1.63,12.94,1.47,1.63,1.63,2.47,2.48
160,多头进场,l,2024-07-10 03:00,142.12,0.703,1.63,1.63,12.94,1.47,1.63,1.63,2.47,2.48
159,多头出场,s,2024-07-10 02:00,142.93,0.719,2.84,2.84,11.31,2.62,2.98,2.99,0.27,0.27
159,多头进场,l,2024-07-09 22:00,138.98,0.719,2.84,2.84,11.31,2.62,2.98,2.99,0.27,0.27
158,多头出场,s,2024-07-09 22:00,142.51,0.709,1.06,1.06,8.47,0.98,1.06,1.06,1.50,1.50
158,多头进场,l,2024-07-09 20:00,141.02,0.709,1.06,1.06,8.47,0.98,1.06,1.06,1.50,1.50
157,多头出场,s,2024-07-09 14:00,142.26,0.728,3.67,3.67,7.42,3.54,3.67,3.67,0.56,0.56
157,多头进场,l,2024-07-09 09:00,137.22,0.728,3.67,3.67,7.42,3.54,3.67,3.67,0.56,0.56
156,多头出场,s,2024-07-08 16:00,135.86,0.708,-3.80,-3.80,3.75,-3.54,1.27,1.27,9.53,9.53
156,多头进场,l,2024-07-07 08:00,141.23,0.708,-3.80,-3.80,3.75,-3.54,1.27,1.27,9.53,9.53
155,多头出场,s,2024-07-05 18:00,128.70,0.739,-4.83,-4.84,7.55,-4.30,0.55,0.55,10.52,10.53
155,多头进场,l,2024-07-05 00:00,135.24,0.739,-4.83,-4.84,7.55,-4.30,0.55,0.55,10.52,10.53
154,多头出场,s,2024-07-04 23:00,135.71,0.671,-8.84,-8.85,12.38,-7.30,0.07,0.07,12.96,12.97
154,多头进场,l,2024-07-03 14:00,148.89,0.671,-8.84,-8.85,12.38,-7.30,0.07,0.07,12.96,12.97
153,多头出场,s,2024-07-02 10:00,148.64,0.675,0.39,0.39,21.23,0.32,0.53,0.53,1.39,1.39
153,多头进场,l,2024-07-02 01:00,148.06,0.675,0.39,0.39,21.23,0.32,0.53,0.53,1.39,1.39
152,多头出场,s,2024-07-01 21:00,148.37,0.684,1.53,1.53,20.83,1.28,1.53,1.53,0.07,0.07
152,多头进场,l,2024-07-01 19:00,146.14,0.684,1.53,1.53,20.83,1.28,1.53,1.53,0.07,0.07
151,多头出场,s,2024-06-30 23:00,143.00,0.684,-2.15,-2.15,19.31,-1.77,0.54,0.54,6.19,6.19
151,多头进场,l,2024-06-28 12:00,146.14,0.684,-2.15,-2.15,19.31,-1.77,0.54,0.54,6.19,6.19
150,多头出场,s,2024-06-27 17:00,137.75,0.734,1.16,1.16,21.46,0.96,1.16,1.16,0.71,0.71
150,多头进场,l,2024-06-27 13:00,136.17,0.734,1.16,1.16,21.46,0.96,1.16,1.16,0.71,0.71
149,多头出场,s,2024-06-27 11:00,137.92,0.732,1.02,1.02,20.30,0.85,1.02,1.02,0.67,0.67
149,多头进场,l,2024-06-27 09:00,136.53,0.732,1.02,1.02,20.30,0.85,1.02,1.02,0.67,0.67
148,多头出场,s,2024-06-27 03:00,137.07,0.73,0.14,0.14,19.28,0.12,0.42,0.42,1.48,1.48
148,多头进场,l,2024-06-26 23:00,136.88,0.73,0.14,0.14,19.28,0.12,0.42,0.42,1.48,1.48
147,多头出场,s,2024-06-26 21:00,138.24,0.727,0.62,0.62,19.14,0.52,2.20,2.20,1.11,1.11
147,多头进场,l,2024-06-26 05:00,137.39,0.727,0.62,0.62,19.14,0.52,2.20,2.20,1.11,1.11
146,多头出场,s,2024-06-24 18:00,127.35,0.745,-4.99,-5.00,18.52,-4.04,0.77,0.78,8.98,8.99
146,多头进场,l,2024-06-22 21:00,134.05,0.745,-4.99,-5.00,18.52,-4.04,0.77,0.78,8.98,8.99
145,多头出场,s,2024-06-22 03:00,133.64,0.764,2.10,2.10,23.51,1.73,2.10,2.10,1.63,1.63
145,多头进场,l,2024-06-22 00:00,130.89,0.764,2.10,2.10,23.51,1.73,2.10,2.10,1.63,1.63
144,多头出场,s,2024-06-21 22:00,132.22,0.761,0.75,0.75,21.41,0.62,0.75,0.75,1.40,1.40
144,多头进场,l,2024-06-21 20:00,131.24,0.761,0.75,0.75,21.41,0.62,0.75,0.75,1.40,1.40
143,多头出场,s,2024-06-21 17:00,132.34,0.74,-1.95,-1.96,20.67,-1.59,0.63,0.63,3.94,3.94
143,多头进场,l,2024-06-20 21:00,134.98,0.74,-1.95,-1.96,20.67,-1.59,0.63,0.63,3.94,3.94
142,多头出场,s,2024-06-20 19:00,140.76,0.727,2.38,2.39,22.62,1.98,2.38,2.39,3.60,3.60
142,多头进场,l,2024-06-19 21:00,137.48,0.727,2.38,2.39,22.62,1.98,2.38,2.39,3.60,3.60
141,多头出场,s,2024-06-19 05:00,138.29,0.682,-5.54,-5.55,20.24,-4.41,0.78,0.79,12.60,12.61
141,多头进场,l,2024-06-17 14:00,146.42,0.682,-5.54,-5.55,20.24,-4.41,0.78,0.79,12.60,12.61
140,多头出场,s,2024-06-16 23:00,146.74,0.693,1.70,1.70,25.78,1.37,1.79,1.79,0.84,0.84
140,多头进场,l,2024-06-16 10:00,144.29,0.693,1.70,1.70,25.78,1.37,1.79,1.79,0.84,0.84
139,多头出场,s,2024-06-16 00:00,145.75,0.646,-5.75,-5.75,24.08,-4.43,0.33,0.33,9.68,9.69
139,多头进场,l,2024-06-13 08:00,154.65,0.646,-5.75,-5.75,24.08,-4.43,0.33,0.33,9.68,9.69
138,多头出场,s,2024-06-12 17:00,152.53,0.625,-4.58,-4.59,29.83,-3.41,0.31,0.31,9.16,9.17
138,多头进场,l,2024-06-11 04:00,159.86,0.625,-4.58,-4.59,29.83,-3.41,0.31,0.31,9.16,9.17
137,多头出场,s,2024-06-10 23:00,162.31,0.621,0.82,0.82,34.41,0.61,0.82,0.82,2.19,2.19
137,多头进场,l,2024-06-10 10:00,160.99,0.621,0.82,0.82,34.41,0.61,0.82,0.82,2.19,2.19
136,多头出场,s,2024-06-09 20:00,160.59,0.577,-7.28,-7.28,33.59,-5.16,0.69,0.69,11.70,11.71
136,多头进场,l,2024-06-06 02:00,173.20,0.577,-7.28,-7.28,33.59,-5.16,0.69,0.69,11.70,11.71
135,多头出场,s,2024-06-05 07:00,171.01,0.601,2.92,2.93,40.87,2.12,2.92,2.93,0.37,0.37
135,多头进场,l,2024-06-04 21:00,166.15,0.601,2.92,2.93,40.87,2.12,2.92,2.93,0.37,0.37
134,多头出场,s,2024-06-04 04:00,167.16,0.603,0.91,0.91,37.95,0.66,1.39,1.39,2.61,2.61
134,多头进场,l,2024-06-01 07:00,165.65,0.603,0.91,0.91,37.95,0.66,1.39,1.39,2.61,2.61
133,多头出场,s,2024-05-31 19:00,168.83,0.585,-1.14,-1.14,37.04,-0.83,0.06,0.06,3.38,3.38
133,多头进场,l,2024-05-31 02:00,170.78,0.585,-1.14,-1.14,37.04,-0.83,0.06,0.06,3.38,3.38
132,多头出场,s,2024-05-31 01:00,171.91,0.59,1.51,1.51,38.18,1.11,1.51,1.51,3.42,3.42
132,多头进场,l,2024-05-30 05:00,169.35,0.59,1.51,1.51,38.18,1.11,1.51,1.51,3.42,3.42
131,多头出场,s,2024-05-30 00:00,169.44,0.594,0.69,0.69,36.67,0.51,1.02,1.02,0.76,0.76
131,多头进场,l,2024-05-29 19:00,168.28,0.594,0.69,0.69,36.67,0.51,1.02,1.02,0.76,0.76
130,多头出场,s,2024-05-29 11:00,171.50,0.591,1.52,1.53,35.98,1.13,1.52,1.53,0.87,0.88
130,多头进场,l,2024-05-29 05:00,168.92,0.591,1.52,1.53,35.98,1.13,1.52,1.53,0.87,0.88
129,多头出场,s,2024-05-29 03:00,169.88,0.594,0.95,0.95,34.46,0.71,0.95,0.95,1.35,1.35
129,多头进场,l,2024-05-28 23:00,168.28,0.594,0.95,0.95,34.46,0.71,0.95,0.95,1.35,1.35
128,多头出场,s,2024-05-27 08:00,164.62,0.578,-4.78,-4.78,33.51,-3.46,0.21,0.21,6.87,6.88
128,多头进场,l,2024-05-24 10:00,172.89,0.578,-4.78,-4.78,33.51,-3.46,0.21,0.21,6.87,6.88
127,多头出场,s,2024-05-24 04:00,173.57,0.563,-2.21,-2.21,38.29,-1.57,1.05,1.05,4.89,4.89
127,多头进场,l,2024-05-23 06:00,177.50,0.563,-2.21,-2.21,38.29,-1.57,1.05,1.05,4.89,4.89
126,多头出场,s,2024-05-23 05:00,180.18,0.56,1.02,1.02,40.50,0.73,1.02,1.02,1.05,1.05
126,多头进场,l,2024-05-23 03:00,178.36,0.56,1.02,1.02,40.50,0.73,1.02,1.02,1.05,1.05
125,多头出场,s,2024-05-22 22:00,180.55,0.561,1.40,1.40,39.48,1.01,1.40,1.40,1.11,1.11
125,多头进场,l,2024-05-22 19:00,178.06,0.561,1.40,1.40,39.48,1.01,1.40,1.40,1.11,1.11
124,多头出场,s,2024-05-22 13:00,179.04,0.535,-4.10,-4.10,38.08,-2.88,1.17,1.17,6.60,6.60
124,多头进场,l,2024-05-21 07:00,186.70,0.535,-4.10,-4.10,38.08,-2.88,1.17,1.17,6.60,6.60
123,多头出场,s,2024-05-21 04:00,187.60,0.555,4.12,4.12,42.18,2.98,4.52,4.52,0.42,0.42
123,多头进场,l,2024-05-21 02:00,180.18,0.555,4.12,4.12,42.18,2.98,4.52,4.52,0.42,0.42
122,多头出场,s,2024-05-20 10:00,172.29,0.577,-0.53,-0.53,38.06,-0.38,0.61,0.61,4.18,4.18
122,多头进场,l,2024-05-19 16:00,173.20,0.577,-0.53,-0.53,38.06,-0.38,0.61,0.61,4.18,4.18
121,多头出场,s,2024-05-19 13:00,175.28,0.585,2.70,2.71,38.59,1.99,2.70,2.71,0.04,0.04
121,多头进场,l,2024-05-19 00:00,170.66,0.585,2.70,2.71,38.59,1.99,2.70,2.71,0.04,0.04
120,多头出场,s,2024-05-18 09:00,171.29,0.596,2.18,2.18,35.88,1.63,2.18,2.18,0.17,0.17
120,多头进场,l,2024-05-18 05:00,167.64,0.596,2.18,2.18,35.88,1.63,2.18,2.18,0.17,0.17
119,多头出场,s,2024-05-17 08:00,162.08,0.63,2.25,2.25,33.71,1.71,2.25,2.25,1.29,1.29
119,多头进场,l,2024-05-16 22:00,158.51,0.63,2.25,2.25,33.71,1.71,2.25,2.25,1.29,1.29
118,多头出场,s,2024-05-15 20:00,146.39,0.689,0.92,0.92,31.46,0.71,0.92,0.92,1.34,1.34
118,多头进场,l,2024-05-15 17:00,145.05,0.689,0.92,0.92,31.46,0.71,0.92,0.92,1.34,1.34
117,多头出场,s,2024-05-15 17:00,145.77,0.692,0.97,0.97,30.54,0.75,0.97,0.97,2.19,2.19
117,多头进场,l,2024-05-14 21:00,144.37,0.692,0.97,0.97,30.54,0.75,0.97,0.97,2.19,2.19
116,多头出场,s,2024-05-14 00:00,148.71,0.693,3.11,3.11,29.57,2.46,3.11,3.11,4.46,4.47
116,多头进场,l,2024-05-12 15:00,144.22,0.693,3.11,3.11,29.57,2.46,3.11,3.11,4.46,4.47
115,多头出场,s,2024-05-12 10:00,146.64,0.653,-4.17,-4.18,26.46,-3.19,0.12,0.12,6.47,6.48
115,多头进场,l,2024-05-10 21:00,153.03,0.653,-4.17,-4.18,26.46,-3.19,0.12,0.12,6.47,6.48
114,多头出场,s,2024-05-09 20:00,144.04,0.652,-6.07,-6.07,30.63,-4.44,2.43,2.43,8.70,8.71
114,多头进场,l,2024-05-07 21:00,153.35,0.652,-6.07,-6.07,30.63,-4.44,2.43,2.43,8.70,8.71
113,多头出场,s,2024-05-06 12:00,147.61,0.682,0.74,0.74,36.70,0.55,1.06,1.06,2.33,2.33
113,多头进场,l,2024-05-05 05:00,146.52,0.682,0.74,0.74,36.70,0.55,1.06,1.06,2.33,2.33
112,多头出场,s,2024-05-04 18:00,146.32,0.689,0.85,0.85,35.96,0.63,0.85,0.85,0.95,0.95
112,多头进场,l,2024-05-04 13:00,145.09,0.689,0.85,0.85,35.96,0.63,0.85,0.85,0.95,0.95
111,多头出场,s,2024-05-04 12:00,146.05,0.699,2.15,2.15,35.11,1.62,2.15,2.15,1.48,1.48
111,多头进场,l,2024-05-03 21:00,142.97,0.699,2.15,2.15,35.11,1.62,2.15,2.15,1.48,1.48
110,多头出场,s,2024-05-03 20:00,139.92,0.718,0.50,0.50,32.96,0.37,0.50,0.50,2.41,2.41
110,多头进场,l,2024-05-03 13:00,139.23,0.718,0.50,0.50,32.96,0.37,0.50,0.50,2.41,2.41
109,多头出场,s,2024-05-01 16:00,121.24,0.731,-11.36,-11.36,32.46,-7.90,2.19,2.19,13.38,13.39
109,多头进场,l,2024-04-29 22:00,136.78,0.731,-11.36,-11.36,32.46,-7.90,2.19,2.19,13.38,13.39
108,多头出场,s,2024-04-29 22:00,137.58,0.708,-2.56,-2.56,43.82,-1.75,1.98,1.98,5.33,5.33
108,多头进场,l,2024-04-28 19:00,141.20,0.708,-2.56,-2.56,43.82,-1.75,1.98,1.98,5.33,5.33
107,多头出场,s,2024-04-28 01:00,138.48,0.68,-5.70,-5.71,46.38,-3.75,1.39,1.39,9.51,9.52
107,多头进场,l,2024-04-26 03:00,146.86,0.68,-5.70,-5.71,46.38,-3.75,1.39,1.39,9.51,9.52
106,多头出场,s,2024-04-25 23:00,147.45,0.66,-2.68,-2.68,52.08,-1.73,1.54,1.54,6.22,6.22
106,多头进场,l,2024-04-24 23:00,151.51,0.66,-2.68,-2.68,52.08,-1.73,1.54,1.54,6.22,6.22
105,多头出场,s,2024-04-24 12:00,158.31,0.641,1.55,1.55,54.76,1.01,1.55,1.55,0.08,0.08
105,多头进场,l,2024-04-24 10:00,155.89,0.641,1.55,1.55,54.76,1.01,1.55,1.55,0.08,0.08
104,多头出场,s,2024-04-24 09:00,158.40,0.643,2.01,2.01,53.21,1.33,2.01,2.01,0.55,0.55
104,多头进场,l,2024-04-24 06:00,155.28,0.643,2.01,2.01,53.21,1.33,2.01,2.01,0.55,0.55
103,多头出场,s,2024-04-23 21:00,156.24,0.646,0.96,0.96,51.20,0.64,0.96,0.96,1.10,1.11
103,多头进场,l,2024-04-23 12:00,154.75,0.646,0.96,0.96,51.20,0.64,0.96,0.96,1.10,1.11
102,多头出场,s,2024-04-22 13:00,152.85,0.665,1.66,1.66,50.24,1.12,1.66,1.66,0.28,0.28
102,多头进场,l,2024-04-22 11:00,150.35,0.665,1.66,1.66,50.24,1.12,1.66,1.66,0.28,0.28
101,多头出场,s,2024-04-22 11:00,151.09,0.675,2.07,2.07,48.58,1.41,2.07,2.07,0.95,0.95
101,多头进场,l,2024-04-22 09:00,148.03,0.675,2.07,2.07,48.58,1.41,2.07,2.07,0.95,0.95
100,多头出场,s,2024-04-22 09:00,151.24,0.666,0.76,0.76,46.51,0.52,0.76,0.76,2.28,2.28
100,多头进场,l,2024-04-21 20:00,150.10,0.666,0.76,0.76,46.51,0.52,0.76,0.76,2.28,2.28
99,多头出场,s,2024-04-20 23:00,144.36,0.701,1.30,1.31,45.75,0.90,1.75,1.75,1.99,1.99
99,多头进场,l,2024-04-20 07:00,142.50,0.701,1.30,1.31,45.75,0.90,1.75,1.75,1.99,1.99
98,多头出场,s,2024-04-19 22:00,146.09,0.694,1.50,1.50,44.45,1.05,1.50,1.50,0.74,0.74
98,多头进场,l,2024-04-19 20:00,143.93,0.694,1.50,1.50,44.45,1.05,1.50,1.50,0.74,0.74
97,多头出场,s,2024-04-19 12:00,138.25,0.755,4.50,4.51,42.95,3.25,4.50,4.51,2.86,2.86
97,多头进场,l,2024-04-19 09:00,132.29,0.755,4.50,4.51,42.95,3.25,4.50,4.51,2.86,2.86
96,多头出场,s,2024-04-18 22:00,138.11,0.75,3.61,3.61,38.45,2.68,3.61,3.61,0.99,0.99
96,多头进场,l,2024-04-18 20:00,133.30,0.75,3.61,3.61,38.45,2.68,3.61,3.61,0.99,0.99
95,多头出场,s,2024-04-18 19:00,136.21,0.762,3.90,3.91,34.84,2.98,3.90,3.91,2.64,2.65
95,多头进场,l,2024-04-18 14:00,131.09,0.762,3.90,3.91,34.84,2.98,3.90,3.91,2.64,2.65
94,多头出场,s,2024-04-18 11:00,135.42,0.758,2.71,2.72,30.94,2.12,2.71,2.72,1.66,1.66
94,多头进场,l,2024-04-18 07:00,131.84,0.758,2.71,2.72,30.94,2.12,2.71,2.72,1.66,1.66
93,多头出场,s,2024-04-18 01:00,132.22,0.744,-1.54,-1.54,28.23,-1.19,0.64,0.64,5.52,5.53
93,多头进场,l,2024-04-17 19:00,134.29,0.744,-1.54,-1.54,28.23,-1.19,0.64,0.64,5.52,5.53
92,多头出场,s,2024-04-17 12:00,138.77,0.669,-7.14,-7.15,29.77,-5.22,0.87,0.87,15.42,15.42
92,多头进场,l,2024-04-15 21:00,149.45,0.669,-7.14,-7.15,29.77,-5.22,0.87,0.87,15.42,15.42
91,多头出场,s,2024-04-15 06:00,142.71,0.579,-17.30,-17.31,36.91,-11.22,1.96,1.96,32.77,32.79
91,多头进场,l,2024-04-12 05:00,172.59,0.579,-17.30,-17.31,36.91,-11.22,1.96,1.96,32.77,32.79
90,多头出场,s,2024-04-11 21:00,175.34,0.578,1.35,1.35,54.21,0.88,1.35,1.35,1.69,1.69
90,多头进场,l,2024-04-11 17:00,173.00,0.578,1.35,1.35,54.21,0.88,1.35,1.35,1.69,1.69
89,多头出场,s,2024-04-11 14:00,174.70,0.577,0.80,0.80,52.86,0.53,0.80,0.80,1.28,1.28
89,多头进场,l,2024-04-11 07:00,173.31,0.577,0.80,0.80,52.86,0.53,0.80,0.80,1.28,1.28
88,多头出场,s,2024-04-11 06:00,174.92,0.579,1.45,1.45,52.06,0.96,1.45,1.45,5.87,5.88
88,多头进场,l,2024-04-10 07:00,172.42,0.579,1.45,1.45,52.06,0.96,1.45,1.45,5.87,5.88
87,多头出场,s,2024-04-10 00:00,174.02,0.556,-3.12,-3.13,50.61,-2.03,2.80,2.81,5.85,5.86
87,多头进场,l,2024-04-07 23:00,179.64,0.556,-3.12,-3.13,50.61,-2.03,2.80,2.81,5.85,5.86
86,多头出场,s,2024-04-07 22:00,182.13,0.556,1.43,1.43,53.74,0.94,1.43,1.43,0.50,0.50
86,多头进场,l,2024-04-07 14:00,179.56,0.556,1.43,1.43,53.74,0.94,1.43,1.43,0.50,0.50
85,多头出场,s,2024-04-07 09:00,180.96,0.564,2.17,2.17,52.31,1.44,2.17,2.17,0.21,0.21
85,多头进场,l,2024-04-07 02:00,177.12,0.564,2.17,2.17,52.31,1.44,2.17,2.17,0.21,0.21
84,多头出场,s,2024-04-07 00:00,178.28,0.571,1.83,1.83,50.14,1.23,1.83,1.83,0.74,0.74
84,多头进场,l,2024-04-06 20:00,175.08,0.571,1.83,1.83,50.14,1.23,1.83,1.83,0.74,0.74
83,多头出场,s,2024-04-06 13:00,177.53,0.531,-5.65,-5.65,48.31,-3.67,1.04,1.04,10.80,10.80
83,多头进场,l,2024-04-04 21:00,188.17,0.531,-5.65,-5.65,48.31,-3.67,1.04,1.04,10.80,10.80
82,多头出场,s,2024-04-04 21:00,189.54,0.536,1.68,1.68,53.96,1.11,1.68,1.68,3.42,3.42
82,多头进场,l,2024-04-04 02:00,186.40,0.536,1.68,1.68,53.96,1.11,1.68,1.68,3.42,3.42
81,多头出场,s,2024-04-03 00:00,180.40,0.554,-0.02,-0.02,52.28,-0.01,0.92,0.92,2.03,2.03
81,多头进场,l,2024-04-02 22:00,180.44,0.554,-0.02,-0.02,52.28,-0.01,0.92,0.92,2.03,2.03
80,多头出场,s,2024-04-02 22:00,181.48,0.513,-6.80,-6.81,52.30,-4.28,2.34,2.34,9.65,9.66
80,多头进场,l,2024-04-01 13:00,194.74,0.513,-6.80,-6.81,52.30,-4.28,2.34,2.34,9.65,9.66
79,多头出场,s,2024-04-01 02:00,198.81,0.511,1.72,1.72,59.11,1.09,1.72,1.72,1.12,1.12
79,多头进场,l,2024-03-31 03:00,195.45,0.511,1.72,1.72,59.11,1.09,1.72,1.72,1.12,1.12
78,多头出场,s,2024-03-29 22:00,188.85,0.544,2.84,2.84,57.39,1.84,2.84,2.84,0.10,0.10
78,多头进场,l,2024-03-29 15:00,183.63,0.544,2.84,2.84,57.39,1.84,2.84,2.84,0.10,0.10
77,多头出场,s,2024-03-29 05:00,188.65,0.542,2.35,2.35,54.55,1.55,2.79,2.79,1.84,1.84
77,多头进场,l,2024-03-28 09:00,184.31,0.542,2.35,2.35,54.55,1.55,2.79,2.79,1.84,1.84
76,多头出场,s,2024-03-28 06:00,187.06,0.52,-2.54,-2.54,52.20,-1.64,0.42,0.42,6.21,6.22
76,多头进场,l,2024-03-26 22:00,191.94,0.52,-2.54,-2.54,52.20,-1.64,0.42,0.42,6.21,6.22
75,多头出场,s,2024-03-26 15:00,196.36,0.518,1.85,1.86,54.73,1.21,1.85,1.86,2.44,2.44
75,多头进场,l,2024-03-25 23:00,192.78,0.518,1.85,1.86,54.73,1.21,1.85,1.86,2.44,2.44
74,多头出场,s,2024-03-25 04:00,178.83,0.568,1.73,1.73,52.88,1.14,1.73,1.73,1.91,1.91
74,多头进场,l,2024-03-24 16:00,175.79,0.568,1.73,1.73,52.88,1.14,1.73,1.73,1.91,1.91
73,多头出场,s,2024-03-24 16:00,176.06,0.582,2.54,2.54,51.15,1.71,2.54,2.54,0.26,0.26
73,多头进场,l,2024-03-24 11:00,171.70,0.582,2.54,2.54,51.15,1.71,2.54,2.54,0.26,0.26
72,多头出场,s,2024-03-24 08:00,175.54,0.57,0.22,0.22,48.62,0.15,0.90,0.90,1.52,1.52
72,多头进场,l,2024-03-23 23:00,175.16,0.57,0.22,0.22,48.62,0.15,0.90,0.90,1.52,1.52
71,多头出场,s,2024-03-23 15:00,176.10,0.581,2.44,2.44,48.40,1.67,2.44,2.44,0.28,0.29
71,多头进场,l,2024-03-23 11:00,171.90,0.581,2.44,2.44,48.40,1.67,2.44,2.44,0.28,0.29
70,多头出场,s,2024-03-23 07:00,172.11,0.582,0.26,0.26,45.96,0.18,1.16,1.17,2.01,2.02
70,多头进场,l,2024-03-22 23:00,171.66,0.582,0.26,0.26,45.96,0.18,1.16,1.17,2.01,2.02
69,多头出场,s,2024-03-22 23:00,172.86,0.534,-7.69,-7.69,45.70,-5.01,1.81,1.81,10.51,10.51
69,多头进场,l,2024-03-21 21:00,187.26,0.534,-7.69,-7.69,45.70,-5.01,1.81,1.81,10.51,10.51
68,多头出场,s,2024-03-21 02:00,178.21,0.501,-10.72,-10.72,53.39,-6.53,3.19,3.19,18.61,18.61
68,多头进场,l,2024-03-19 00:00,199.60,0.501,-10.72,-10.72,53.39,-6.53,3.19,3.19,18.61,18.61
67,多头出场,s,2024-03-17 18:00,188.18,0.549,3.47,3.48,64.10,2.16,3.47,3.48,1.13,1.13
67,多头进场,l,2024-03-17 15:00,181.86,0.549,3.47,3.48,64.10,2.16,3.47,3.48,1.13,1.13
66,多头出场,s,2024-03-17 14:00,188.56,0.544,2.61,2.61,60.63,1.65,2.61,2.61,0.54,0.54
66,多头进场,l,2024-03-17 12:00,183.76,0.544,2.61,2.61,60.63,1.65,2.61,2.61,0.54,0.54
65,多头出场,s,2024-03-17 08:00,186.44,0.546,1.81,1.81,58.02,1.16,1.81,1.81,3.46,3.46
65,多头进场,l,2024-03-17 02:00,183.12,0.546,1.81,1.81,58.02,1.16,1.81,1.81,3.46,3.46
64,多头出场,s,2024-03-16 10:00,186.21,0.552,2.80,2.80,56.21,1.82,3.14,3.14,0.36,0.36
64,多头进场,l,2024-03-16 08:00,181.14,0.552,2.80,2.80,56.21,1.82,3.14,3.14,0.36,0.36
63,多头出场,s,2024-03-13 19:00,154.33,0.663,2.38,2.38,53.41,1.58,2.38,2.38,0.19,0.19
63,多头进场,l,2024-03-13 15:00,150.74,0.663,2.38,2.38,53.41,1.58,2.38,2.38,0.19,0.19
62,多头出场,s,2024-03-13 13:00,152.41,0.664,1.35,1.35,51.03,0.90,1.35,1.35,5.90,5.91
62,多头进场,l,2024-03-12 21:00,150.38,0.664,1.35,1.35,51.03,0.90,1.35,1.35,5.90,5.91
61,多头出场,s,2024-03-12 10:00,150.35,0.679,2.11,2.11,49.68,1.43,2.11,2.11,0.08,0.08
61,多头进场,l,2024-03-12 08:00,147.24,0.679,2.11,2.11,49.68,1.43,2.11,2.11,0.08,0.08
60,多头出场,s,2024-03-12 08:00,149.78,0.681,2.04,2.04,47.57,1.40,2.24,2.24,0.82,0.82
60,多头进场,l,2024-03-11 21:00,146.78,0.681,2.04,2.04,47.57,1.40,2.24,2.24,0.82,0.82
59,多头出场,s,2024-03-11 15:00,146.63,0.675,-0.98,-0.98,45.53,-0.67,0.72,0.72,7.82,7.83
59,多头进场,l,2024-03-09 02:00,148.08,0.675,-0.98,-0.98,45.53,-0.67,0.72,0.72,7.82,7.83
58,多头出场,s,2024-03-09 01:00,149.69,0.687,2.98,2.99,46.51,2.08,2.98,2.99,2.28,2.28
58,多头进场,l,2024-03-08 23:00,145.35,0.687,2.98,2.99,46.51,2.08,2.98,2.99,2.28,2.28
57,多头出场,s,2024-03-08 19:00,148.84,0.693,3.15,3.15,43.53,2.25,3.15,3.15,1.59,1.59
57,多头进场,l,2024-03-08 11:00,144.29,0.693,3.15,3.15,43.53,2.25,3.15,3.15,1.59,1.59
56,多头出场,s,2024-03-07 05:00,132.17,0.773,2.20,2.20,40.37,1.59,2.61,2.61,3.09,3.09
56,多头进场,l,2024-03-06 17:00,129.33,0.773,2.20,2.20,40.37,1.59,2.61,2.61,3.09,3.09
55,多头出场,s,2024-03-06 15:00,133.07,0.838,11.59,11.60,38.18,9.16,11.59,11.60,2.76,2.76
55,多头进场,l,2024-03-06 03:00,119.24,0.838,11.59,11.60,38.18,9.16,11.59,11.60,2.76,2.76
54,多头出场,s,2024-03-05 22:00,134.49,0.768,3.33,3.33,26.59,2.70,3.68,3.68,2.16,2.16
54,多头进场,l,2024-03-04 07:00,130.16,0.768,3.33,3.33,26.59,2.70,3.68,3.68,2.16,2.16
53,多头出场,s,2024-03-04 06:00,131.99,0.776,2.55,2.55,23.26,2.11,2.55,2.55,0.94,0.94
53,多头进场,l,2024-03-03 19:00,128.71,0.776,2.55,2.55,23.26,2.11,2.55,2.55,0.94,0.94
52,多头出场,s,2024-03-03 17:00,130.08,0.788,2.62,2.62,20.72,2.22,2.62,2.62,1.39,1.39
52,多头进场,l,2024-03-03 15:00,126.76,0.788,2.62,2.62,20.72,2.22,2.62,2.62,1.39,1.39
51,多头出场,s,2024-03-03 07:00,129.75,0.776,0.74,0.74,18.10,0.63,0.74,0.74,0.47,0.47
51,多头进场,l,2024-03-03 05:00,128.80,0.776,0.74,0.74,18.10,0.63,0.74,0.74,0.47,0.47
50,多头出场,s,2024-03-03 03:00,130.59,0.752,-1.76,-1.76,17.36,-1.48,0.58,0.58,4.31,4.31
50,多头进场,l,2024-03-01 22:00,132.93,0.752,-1.76,-1.76,17.36,-1.48,0.58,0.58,4.31,4.31
49,多头出场,s,2024-03-01 08:00,130.52,0.808,5.55,5.56,19.12,4.89,5.55,5.56,0.14,0.14
49,多头进场,l,2024-03-01 06:00,123.65,0.808,5.55,5.56,19.12,4.89,5.55,5.56,0.14,0.14
48,多头出场,s,2024-02-29 05:00,116.38,0.897,4.48,4.48,13.57,4.10,4.91,4.91,4.07,4.08
48,多头进场,l,2024-02-28 19:00,111.39,0.897,4.48,4.48,13.57,4.10,4.91,4.91,4.07,4.08
47,多头出场,s,2024-02-28 19:00,114.45,0.903,3.41,3.42,9.10,3.23,3.42,3.42,4.86,4.86
47,多头进场,l,2024-02-27 09:00,110.67,0.903,3.41,3.42,9.10,3.23,3.42,3.42,4.86,4.86
46,多头出场,s,2024-02-27 08:00,110.95,0.916,1.66,1.66,5.68,1.59,1.66,1.66,0.68,0.68
46,多头进场,l,2024-02-27 04:00,109.14,0.916,1.66,1.66,5.68,1.59,1.66,1.66,0.68,0.68
45,多头出场,s,2024-02-27 01:00,107.88,0.952,2.77,2.77,4.02,2.74,2.77,2.77,0.42,0.42
45,多头进场,l,2024-02-26 23:00,104.97,0.952,2.77,2.77,4.02,2.74,2.77,2.77,0.42,0.42
44,多头出场,s,2024-02-26 23:00,104.59,0.985,3.06,3.06,1.25,3.12,3.06,3.06,1.17,1.17
44,多头进场,l,2024-02-26 17:00,101.48,0.985,3.06,3.06,1.25,3.12,3.06,3.06,1.17,1.17
43,多头出场,s,2024-02-26 13:00,104.02,0.975,1.42,1.42,-1.81,1.47,1.42,1.42,0.29,0.29
43,多头进场,l,2024-02-26 10:00,102.56,0.975,1.42,1.42,-1.81,1.47,1.42,1.42,0.29,0.29
42,多头出场,s,2024-02-26 04:00,104.23,0.967,0.88,0.88,-3.23,0.92,0.88,0.88,1.28,1.28
42,多头进场,l,2024-02-25 10:00,103.32,0.967,0.88,0.88,-3.23,0.92,0.88,0.88,1.28,1.28
41,多头出场,s,2024-02-24 15:00,102.27,0.96,-1.73,-1.73,-4.11,-1.77,1.21,1.21,5.37,5.37
41,多头进场,l,2024-02-23 00:00,104.07,0.96,-1.73,-1.73,-4.11,-1.77,1.21,1.21,5.37,5.37
40,多头出场,s,2024-02-22 14:00,104.90,0.896,-5.94,-5.94,-2.38,-5.74,0.52,0.52,10.12,10.13
40,多头进场,l,2024-02-20 07:00,111.53,0.896,-5.94,-5.94,-2.38,-5.74,0.52,0.52,10.12,10.13
39,多头出场,s,2024-02-19 21:00,113.87,0.889,1.33,1.33,3.56,1.30,1.33,1.33,1.44,1.44
39,多头进场,l,2024-02-19 08:00,112.37,0.889,1.33,1.33,3.56,1.30,1.33,1.33,1.44,1.44
38,多头出场,s,2024-02-18 13:00,109.64,0.923,1.25,1.25,2.22,1.23,1.25,1.25,0.72,0.72
38,多头进场,l,2024-02-18 09:00,108.29,0.923,1.25,1.25,2.22,1.23,1.25,1.25,0.72,0.72
37,多头出场,s,2024-02-18 05:00,109.63,0.847,-7.06,-7.07,0.98,-6.54,0.04,0.04,10.99,10.99
37,多头进场,l,2024-02-15 08:00,117.97,0.847,-7.06,-7.07,0.98,-6.54,0.04,0.04,10.99,10.99
36,多头出场,s,2024-02-15 08:00,118.10,0.861,1.70,1.70,8.04,1.59,1.70,1.70,0.97,0.97
36,多头进场,l,2024-02-15 00:00,116.13,0.861,1.70,1.70,8.04,1.59,1.70,1.70,0.97,0.97
35,多头出场,s,2024-02-14 21:00,117.74,0.871,2.61,2.61,6.34,2.52,2.61,2.61,0.36,0.36
35,多头进场,l,2024-02-14 16:00,114.74,0.871,2.61,2.61,6.34,2.52,2.61,2.61,0.36,0.36
34,多头出场,s,2024-02-14 13:00,112.96,0.892,0.82,0.82,3.73,0.80,0.82,0.82,1.28,1.28
34,多头进场,l,2024-02-14 06:00,112.04,0.892,0.82,0.82,3.73,0.80,0.82,0.82,1.28,1.28
33,多头出场,s,2024-02-14 04:00,112.80,0.909,2.64,2.64,2.91,2.63,2.64,2.64,1.50,1.50
33,多头进场,l,2024-02-13 22:00,109.90,0.909,2.64,2.64,2.91,2.63,2.64,2.64,1.50,1.50
32,多头出场,s,2024-02-13 01:00,110.54,0.927,2.53,2.53,0.27,2.59,2.65,2.65,4.09,4.09
32,多头进场,l,2024-02-10 20:00,107.81,0.927,2.53,2.53,0.27,2.59,2.65,2.65,4.09,4.09
31,多头出场,s,2024-02-10 05:00,108.71,0.958,4.18,4.18,-2.26,4.46,4.18,4.18,0.55,0.55
31,多头进场,l,2024-02-09 11:00,104.35,0.958,4.18,4.18,-2.26,4.46,4.18,4.18,0.55,0.55
30,多头出场,s,2024-02-09 10:00,104.61,0.976,2.14,2.14,-6.43,2.34,2.14,2.14,0.65,0.65
30,多头进场,l,2024-02-09 01:00,102.42,0.976,2.14,2.14,-6.43,2.34,2.14,2.14,0.65,0.65
29,多头出场,s,2024-02-08 21:00,102.52,0.987,1.26,1.26,-8.57,1.40,1.26,1.26,0.24,0.24
29,多头进场,l,2024-02-08 19:00,101.24,0.987,1.26,1.26,-8.57,1.40,1.26,1.26,0.24,0.24
28,多头出场,s,2024-02-08 05:00,99.33,1.03,2.32,2.32,-9.83,2.64,2.32,2.32,0,0.00
28,多头进场,l,2024-02-08 03:00,97.08,1.03,2.32,2.32,-9.83,2.64,2.32,2.32,0,0.00
27,多头出场,s,2024-02-08 00:00,97.13,1.047,1.70,1.70,-12.15,1.97,1.70,1.70,0.93,0.93
27,多头进场,l,2024-02-07 12:00,95.51,1.047,1.70,1.70,-12.15,1.97,1.70,1.70,0.93,0.93
26,多头出场,s,2024-02-07 03:00,97.43,1.046,1.91,1.91,-13.85,2.27,1.91,1.91,2.85,2.85
26,多头进场,l,2024-02-05 23:00,95.60,1.046,1.91,1.91,-13.85,2.27,1.91,1.91,2.85,2.85
25,多头出场,s,2024-02-05 15:00,97.64,0.999,-2.42,-2.42,-15.76,-2.79,1.18,1.18,5.94,5.95
25,多头进场,l,2024-02-03 00:00,100.06,0.999,-2.42,-2.42,-15.76,-2.79,1.18,1.18,5.94,5.95
24,多头出场,s,2024-02-02 08:00,98.56,0.958,-5.53,-5.53,-13.34,-6.00,0.21,0.21,10.75,10.75
24,多头进场,l,2024-01-31 05:00,104.33,0.958,-5.53,-5.53,-13.34,-6.00,0.21,0.21,10.75,10.75
23,多头出场,s,2024-01-29 23:00,97.14,1.039,0.94,0.94,-7.82,1.02,0.94,0.94,0.77,0.77
23,多头进场,l,2024-01-29 21:00,96.24,1.039,0.94,0.94,-7.82,1.02,0.94,0.94,0.77,0.77
22,多头出场,s,2024-01-29 15:00,97.70,1.038,1.42,1.42,-8.75,1.58,1.42,1.42,0.02,0.02
22,多头进场,l,2024-01-29 13:00,96.33,1.038,1.42,1.42,-8.75,1.58,1.42,1.42,0.02,0.02
21,多头出场,s,2024-01-29 11:00,97.98,1.049,2.83,2.83,-10.17,3.26,2.83,2.83,1.92,1.92
21,多头进场,l,2024-01-29 02:00,95.28,1.049,2.83,2.83,-10.17,3.26,2.83,2.83,1.92,1.92
20,多头出场,s,2024-01-28 00:00,93.17,1.091,1.73,1.74,-13.01,2.03,1.73,1.74,0.98,0.98
20,多头进场,l,2024-01-27 13:00,91.58,1.091,1.73,1.74,-13.01,2.03,1.73,1.74,0.98,0.98
19,多头出场,s,2024-01-27 09:00,93.10,1.084,0.94,0.94,-14.74,1.12,0.94,0.94,0.57,0.57
19,多头进场,l,2024-01-27 04:00,92.23,1.084,0.94,0.94,-14.74,1.12,0.94,0.94,0.57,0.57
18,多头出场,s,2024-01-26 16:00,88.06,1.145,0.89,0.89,-15.68,1.07,0.89,0.89,0.65,0.65
18,多头进场,l,2024-01-26 14:00,87.28,1.145,0.89,0.89,-15.68,1.07,0.89,0.89,0.65,0.65
17,多头出场,s,2024-01-26 10:00,88.11,1.147,1.15,1.15,-16.58,1.39,1.57,1.57,2.32,2.32
17,多头进场,l,2024-01-25 20:00,87.11,1.147,1.15,1.15,-16.58,1.39,1.57,1.57,2.32,2.32
16,多头出场,s,2024-01-25 19:00,89.13,1.147,2.29,2.30,-17.72,2.87,2.29,2.30,0.67,0.67
16,多头进场,l,2024-01-25 17:00,87.13,1.147,2.29,2.30,-17.72,2.87,2.29,2.30,0.67,0.67
15,多头出场,s,2024-01-24 07:00,83.81,1.081,-9.39,-9.39,-20.02,-10.51,0.42,0.42,14.59,14.59
15,多头进场,l,2024-01-21 23:00,92.50,1.081,-9.39,-9.39,-20.02,-10.51,0.42,0.42,14.59,14.59
14,多头出场,s,2024-01-21 17:00,93.17,1.087,1.28,1.28,-10.62,1.46,1.28,1.28,0.15,0.15
14,多头进场,l,2024-01-21 14:00,91.99,1.087,1.28,1.28,-10.62,1.46,1.28,1.28,0.15,0.15
13,多头出场,s,2024-01-21 11:00,93.12,1,-6.79,-6.80,-11.91,-7.16,1.59,1.59,12.87,12.88
13,多头进场,l,2024-01-18 11:00,99.91,1,-6.79,-6.80,-11.91,-7.16,1.59,1.59,12.87,12.88
12,多头出场,s,2024-01-17 05:00,98.31,1.034,1.73,1.73,-5.12,1.85,1.73,1.73,0.31,0.31
12,多头进场,l,2024-01-17 02:00,96.64,1.034,1.73,1.73,-5.12,1.85,1.73,1.73,0.31,0.31
11,多头出场,s,2024-01-16 09:00,95.85,1.04,-0.30,-0.30,-6.84,-0.32,1.63,1.63,3.30,3.30
11,多头进场,l,2024-01-15 03:00,96.14,1.04,-0.30,-0.30,-6.84,-0.32,1.63,1.63,3.30,3.30
10,多头出场,s,2024-01-13 23:00,93.07,1.074,-0.01,-0.01,-6.54,-0.01,0.25,0.25,6.53,6.53
10,多头进场,l,2024-01-13 05:00,93.08,1.074,-0.01,-0.01,-6.54,-0.01,0.25,0.25,6.53,6.53
9,多头出场,s,2024-01-13 00:00,96.56,0.948,-8.39,-8.40,-6.53,-8.24,0.29,0.29,9.87,9.88
9,多头进场,l,2024-01-11 22:00,105.41,0.948,-8.39,-8.40,-6.53,-8.24,0.29,0.29,9.87,9.88
8,多头出场,s,2024-01-11 05:00,99.95,1.038,3.83,3.83,1.86,3.91,4.32,4.32,4.75,4.76
8,多头进场,l,2024-01-10 05:00,96.26,1.038,3.83,3.83,1.86,3.91,4.32,4.32,4.75,4.76
7,多头出场,s,2024-01-10 05:00,103.26,1.002,3.47,3.47,-1.97,3.67,3.47,3.47,4.31,4.31
7,多头进场,l,2024-01-09 23:00,99.80,1.002,3.47,3.47,-1.97,3.67,3.47,3.47,4.31,4.31
6,多头出场,s,2024-01-09 10:00,98.43,1.034,1.80,1.80,-5.44,1.94,2.20,2.20,1.49,1.49
6,多头进场,l,2024-01-09 05:00,96.69,1.034,1.80,1.80,-5.44,1.94,2.20,2.20,1.49,1.49
5,多头出场,s,2024-01-08 22:00,95.33,1.064,1.46,1.46,-7.24,1.60,1.46,1.46,9.36,9.37
5,多头进场,l,2024-01-07 23:00,93.96,1.064,1.46,1.46,-7.24,1.60,1.46,1.46,9.36,9.37
4,多头出场,s,2024-01-07 21:00,96.16,0.989,-4.82,-4.82,-8.70,-5.01,2.12,2.12,9.92,9.93
4,多头进场,l,2024-01-05 09:00,101.03,0.989,-4.82,-4.82,-8.70,-5.01,2.12,2.12,9.92,9.93
3,多头出场,s,2024-01-04 22:00,101.56,0.882,-10.37,-10.38,-3.88,-9.74,0.39,0.39,24.98,24.99
3,多头进场,l,2024-01-02 21:00,113.32,0.882,-10.37,-10.38,-3.88,-9.74,0.39,0.39,24.98,24.99
2,多头出场,s,2024-01-02 14:00,113.27,0.904,2.47,2.47,6.49,2.37,2.47,2.47,0.02,0.02
2,多头进场,l,2024-01-02 08:00,110.54,0.904,2.47,2.47,6.49,2.37,2.47,2.47,0.02,0.02
1,多头出场,s,2024-01-01 18:00,104.58,0.994,4.03,4.03,4.03,4.03,4.19,4.20,0.75,0.75
1,多头进场,l,2024-01-01 06:00,100.53,0.994,4.03,4.03,4.03,4.03,4.19,4.20,0.75,0.75